journalID,name
iw3k25v2,The Journal of Wildlife Management
jg1052hk,IEEE Transactions on Artificial Intelligence
h31gosf3,Sustainability
pywub0hk,ACM Comput. Surv.
b53nz7r1,Cellular and Molecular Bioengineering
b306c0sf,Journal of Science Education and Technology
3ibitxsn,The New England journal of medicine
tyfuce8g,International Journal of Innovative Science and Research Technology (IJISRT)
af5349oo,Critical Care
bnjnwd3m,Discover Artificial Intelligence
k2te50qy,IEEE Transactions on Industrial Informatics
yy3ef45w,Sustainability
259vz357,Science
ofnoljjc,Pharmaceutics
wjnlwpgn,Computer Science Journal (2017)
iu1ypx81,Eng. Appl. Artif. Intell.
vad7vaa1,Journal of Personalized Medicine
rjek00nl,British Dental Journal
a8dxc3mc,Nature Reviews Bioengineering
v1ydbzyb,Science Journal (2022)
egann7rt,Asian Journal of Philosophy
ypy50z5h,Environmental Chemistry Letters
b5ixbqz4,Stroke and Vascular Neurology
n6rmhx5o,Computer Science Magazine (1992)
2ex0pf9h,Inf. Fusion
9evx75x7,Nature Reviews Cancer
7je8j1kg,ArXiv
q30dcvbp,Artif. Intell.
9oyrbbtx,Journal of Labor Economics
bdlc2d0k,Nature
9drawai4,Inf. Fusion
mdmegsq1,Frontiers in Surgery
fwz1xu37,Information Development
jz08pt60,Nature
56jjro2n,International Research Journal of Modernization in Engineering Technology and Science
j4ny5ms1,Comput. Educ. Artif. Intell.
o09p521r,BMC Medical Education
ijrsixal,Computer Science Review (2024)
dlgfy13x,International Journal of Educational Technology in Higher Education
003hb1sy,IEEE Access
ntbi29az,Journalism & Mass Communication Educator
cpjhe72y,Journal of Ambient Intelligence and Humanized Computing
gu5hte3y,Education and Information Technologies
8sgerd34,ACM Computing Surveys (CSUR)
0p7253vq,Environmental Chemistry Letters
5oxrxeem,Science Review (2023)
qet63d5r,international journal of food and nutritional sciences
b4amu181,JAMA
gi8ln5pp,The Ulster Medical Journal
1m5xe2me,Nature Medicine
0r7hrmak,Big Data Cogn. Comput.
7r2fii0b,Neuropsychologia
uqrhgl65,Big Data Research
szxtly75,SSRN Electronic Journal
fzc6njhu,Computational and Mathematical Methods in Medicine
z6c4hjcg,"Science (New York, N.Y.)"
jdok3xj4,Turkish Online Journal of Distance Education
04gmlh8i,Expert Syst. Appl.
1rnurwvf,Ethics and Information Technology
mvda0qjz,Eng. Appl. Artif. Intell.
8gthojp7,Comput. Educ. Artif. Intell.
mzani24f,Advanced Science
c91x0k8c,Inf. Fusion
9urw20kj,ArXiv
l40dc7x3,Organization Studies
db8mojdc,Journal of Personalized Medicine
j91br2gq,Scientific Reports
r68hu0rt,Journal of Vascular Surgery
cfgc4tdj,Computer Methods and Programs in Biomedicine
c4lgqu7h,Journal of Artificial General Intelligence
bu95tpyj,International Journal of Innovative Science and Research Technology (IJISRT)
3ltkudoc,Nature Communications
utcl9t80,Inf. Fusion
3ljmxu23,Nature Medicine
g4ae9d97,IEEE Transactions on Knowledge and Data Engineering
y4pf3ihv,SSRN Electronic Journal
e5eklusx,IEEE Transactions on Artificial Intelligence
0rm5vhnu,International Journal of Philosophical Studies
6r1ns9hb,IEEE Consumer Electronics Magazine
9qtqdt0o,ArXiv
luchs3lw,Healthcare
f7ia45zw,The Quarterly Journal of Economics
tml9hqjc,Psychology Magazine (2017)
poluj7v4,NPJ Digital Medicine
5zt1dy3h,Psychological Science
xjnf47zu,Int. J. Inf. Manag.
07t3ywnp,Journalism & Mass Communication Educator
5t793npk,Electronic Markets
4bqvjf64,ArXiv
p8vbbp3x,"Biomedical Materials & Devices (New York, N.y.)"
ldywqjmn,Composites Part B-engineering
1x4s6a01,Comput. Educ. Artif. Intell.
5h3stb2g,Smart Cities
uasii4gc,The Lancet
0omg7w8c,Waste management
t9x1aeim,AI & SOCIETY
fr07bjg5,Political Science Journal (2017)
4wnbw0gp,A.M.A. archives of internal medicine
ithlqb9w,Mathematics Magazine (1994)
pv083v5y,International Journal of Innovative Science and Research Technology (IJISRT)
vn83hhxx,Journal of Intelligence
ip23cwz4,Nature
fy68vh3f,Nature Medicine
0bxnjaco,Sensors International
gi3od0rf,International Journal of Innovative Science and Research Technology (IJISRT)
g9aiqg8v,Labor: Human Capital eJournal
qaosx5nf,Annals of Actuarial Science
dnbbjqbc,International Journal of Educational Technology in Higher Education
gxc1r2r0,Journal of the American College of Cardiology
vo3o0nr6,Nature Communications
x8jrcb6c,Nature
9bj729on,World neurosurgery
qa75a5dd,AI & SOCIETY
1fbfxjbo,Nature
r6h78nmi,The Cambridge Handbook of Lawyering in the Digital Age
4gij2n8r,Prospects for Economic Growth in the United States
boxpmqln,European Journal of Drug Metabolism and Pharmacokinetics
5tqm67ew,PLOS Digital Health
aexlaxav,Nature Nanotechnology
likpdnoa,Education and Information Technologies
plkrn3oq,Comput. Electr. Eng.
v9dnr6qm,Educational Philosophy and Theory
vop44hnv,Computer methods and programs in biomedicine
3bux6drv,Comput. Commun.
pyej5qya,Comput. Stat. Data Anal.
i3rgfur8,"Applied Intelligence (Dordrecht, Netherlands)"
zabeiscg,Nature Biomedical Engineering
e6m8j17p,ArXiv
tw7bbxpc,ERN: Wages; Intergenerational Income Distribution (Topic)
hm19lxy3,eLife
0l7o8srv,International Journal of Innovative Science and Research Technology (IJISRT)
ivutzbgr,"Individual, School, and National Factors Impacting Teachers' Workplace Learning"
yto19ive,Materials Today: Proceedings
jbkb5g6a,Eng. Appl. Artif. Intell.
571h8nur,Multimedia Tools and Applications
t783v060,Discover Artificial Intelligence
01n2jjiv,Environmental Chemistry Letters
ckn4ktpn,PeerJ Computer Science
or8p7wg4,"IEEE/ACM Transactions on Audio, Speech, and Language Processing"
2b24art0,Cognitive science
s6bkgps8,Philosophical Review
s4tx6w32,NPJ Digital Medicine
d14ec74v,Theology and Science
3j7kwtx7,Computer Science Magazine (2019)
4sygj39h,IEEE Access
5pk91aey,Data Science and Management
ytfq1w6e,Science
pbna2z37,Journal of Medical Virology
p55bzmi7,The Journal of thoracic and cardiovascular surgery
7c9732t9,Science Review (2021)
yp9gad90,International Journal of Innovative Science and Research Technology (IJISRT)
f7treo1b,Environmental Chemistry Letters
bfnqs8nb,Comput. Educ. Artif. Intell.
u9yi76de,ArXiv
d7y4gewn,Sustainable Energy Technologies and Assessments
9jwciheg,Nature
hc03a66a,Computer Science Magazine (2018)
y7w4c2lb,ArXiv
4m11wuzx,Journal of Materials Research and Technology
tgbaswfp,arXiv: Learning
3d2rmatn,NPJ Digital Medicine
fq58nmn3,The American Journal of Bioethics
sve0fyfa,Review of Economics and Statistics
0fosyox2,Ecological Indicators
4voj73si,Art Magazine (1988)
kcgcx253,Communications of the ACM
63vdzttv,International Journal of Artificial Intelligence in Education
542nmmry,Current opinion in structural biology
ytlv19vl,Comput. Hum. Behav.
cwxwzesb,Neurosurgery
h7lls0zc,SSRN Electronic Journal
u7hich71,Big Data Cogn. Comput.
4fxy8yvg,Business & Information Systems Engineering
qnu2exfv,SSRN Electronic Journal
ykwk13vi,Oxford Handbook of Medical Ethics and Law
prtteh1k,Applied Sciences
nmjcmkgq,Advanced drug delivery reviews
67s818m0,The Egyptian Journal of Radiology and Nuclear Medicine
em75yw1b,Interactive Learning Environments
j3luubsn,Nature
w5533eeu,Science and Engineering Ethics
qmjolbrl,Information Processing & Management
ic6mguns,Animal Production Science
udpizxd0,ArXiv
fvv5erzl,Comput. Educ. Artif. Intell.
gy3r6ykh,ArXiv
hhee9ruh,Comput. Educ. Artif. Intell.
yo081zcz,BMC Medical Informatics and Decision Making
2wd66yl7,Computer Applications in Engineering Education
gxi9xat4,ArXiv
lqbwkdk2,2022 IEEE International Conference on Big Data (Big Data)
mhtqfpw1,Engineering Review (1993)
4hjapiw4,Nature Chemical Biology
zszva1ky,Comput. Educ. Artif. Intell.
0bakl4oe,ArXiv
bc8qgnf8,Nature
jyo05v44,Journal of Medical Ethics
xmyh5cmw,Computers and Education: Artificial Intelligence
dd0cj4oc,Ai and Ethics
i4d270cm,Science Journal (2024)
2xm604yf,Advances in Multimedia
ii4ijz2v,Big Data Cogn. Comput.
sxutr8hq,Education and Information Technologies
ccmk6y9a,Frontiers in Psychology
oxsg922b,Journal of the Chinese Medical Association : JCMA
royfw5xl,Comput. Educ. Artif. Intell.
792vutzr,Environmental Chemistry Letters
ile397mo,bioRxiv
devdtqge,Medicine Journal (2021)
60wvawkq,Nature Reviews Physics
m84y6opw,Intensive Care Medicine
b36plaac,Future Gener. Comput. Syst.
vpoifp5p,JAMA health forum
n4aeg2ex,Social Science Research Network
z6zx1m9d,Nature Chemical Biology
4uxieq6d,Engineering Review (2016)
pg8406u4,Inf. Sci.
01bshxt3,Eng. Appl. Artif. Intell.
tkpqjcnm,SSRN Electronic Journal
dn49471h,Nature Biomedical Engineering
gyxw41id,JAMA
zg42opyd,EPRA International Journal of Multidisciplinary Research (IJMR)
mep9my9n,Computing and Software for Big Science
s5h7dyju,Comput. Educ. Artif. Intell.
z5v0wkh9,International Journal of Innovative Science and Research Technology (IJISRT)
i3kg66xt,Noûs
2k76r9xw,The Lancet. Digital health
6hsrxijt,The Science of the total environment
l7g7jcvi,Inf. Process. Manag.
2h6zc2s4,Journal of the European Economic Association
kl4cstvc,Journal of Medical Internet Research
dubkng31,ArXiv
p19imfn7,Education and Information Technologies
sfwahl3p,1
chcjw5sn,Ai & Society
qupesjji,Nature Communications
pfc7xnlg,Microchemical Journal
kl3laz9y,Medicine
mcgn4a3d,Nature Biomedical Engineering
34hz44ha,Nature
ggeazjuu,Bioinformatics
y2iqvn1p,Inf. Sci.
pyzvxwph,European Actuarial Journal
ll2sbnpq,ERN: Experimental Economics (Topic)
mdo492n7,Psychology Journal (1979)
y6iq9aki,SSRN Electronic Journal
66j7ac9n,Australian occupational therapy journal
vf2ag85n,Comput. Educ. Artif. Intell.
sqkvd1l9,Eng. Appl. Artif. Intell.
0l2ghaof,Science Magazine (2021)
1d31jujc,Nano Today
qlx7ibe0,Revista Interuniversitaria de Investigación en Tecnología Educativa
dux4ttzq,ArXiv
359h46vb,Computer Science Journal (2003)
g2vdhjkn,Neural networks : the official journal of the International Neural Network Society
07f73t33,Expert Syst. Appl.
0wn7r6te,Nature Biomedical Engineering
sdyu7d88,Journal of Multilingual and Multicultural Development
morbol6b,bioRxiv
v491kn6h,Science
cz34ensz,Political Science Journal (2019)
k9clalsk,Discover Artificial Intelligence
29g2gvbf,International Journal of Philosophical Studies
ou86u9g7,Journal of the Knowledge Economy
4cv2l2y5,International Journal of Innovative Science and Research Technology (IJISRT)
94iys3st,Annals of Biomedical Engineering
1mlh0o0h,J. Netw. Comput. Appl.
jvg2n4jj,The New England journal of medicine
agyc6o4i,Annual review of biomedical engineering
a6gwxpah,ArXiv
qvenvr9f,European Journal of Nuclear Medicine and Molecular Imaging
li26u1x3,Australian Journal of Social Issues
pquei7mx,IRPN: Innovation-Related Capital (Topic)
8tsur3iw,Scientific Reports
edqz901s,bioRxiv
djdlneud,Journal of chemical information and modeling
mtop43ig,Asian journal of psychiatry
qt65ai8k,European Journal of Remote Sensing
464u8xmf,Comput. Educ. Artif. Intell.
0hvxoh2g,JAMA
eeeaz903,Nature Medicine
w9grul5w,Alexandria Engineering Journal
93ozgn6m,Neurology
fnhgsjv8,1
mj8eczmt,Science
umn9guy0,Soft Computing
60gx7yg7,ArXiv
8pi3237v,Biochemical Engineering Journal
zy0xw05e,Cancer research
dnath9mh,Radiology
2k1qarid,International Journal of Educational Technology in Higher Education
ermxcdkx,Journal of Drug Delivery Science and Technology
qqpnpqng,Current Biology
jujep2ud,The Journal of Legal Studies
r044rl91,ArXiv
is2187s1,Journal of Material Cycles and Waste Management
07jzv8m5,Photodiagnosis and photodynamic therapy
qz11ge87,Social science & medicine
c80jgl32,Agriculture
g9nryf09,Biomaterials Research
1r4f9pwu,Journal of the American Heart Association: Cardiovascular and Cerebrovascular Disease
6871n6f6,Advanced Science
me3g7mlt,Journal of Food Quality
ikf7yuh1,ArXiv
x40cyfsf,Diabetes technology & therapeutics
abeynejs,ACM Transactions on Knowledge Discovery from Data
iawnr06h,Applied Sciences
3xo8kx8j,Wireless Personal Communications
xdohn5z3,Applied Economics Letters
bql7wsu7,Nature Machine Intelligence
49pd06nm,International Journal of Science Education
baanfjv1,SSRN Electronic Journal
gl0jaaw8,Diagnostics
y8xyla85,International Journal of Innovative Science and Research Technology (IJISRT)
pgavg0iu,Environmental Chemistry Letters
5c0lkf20,ArXiv
gzd5bgc8,Pharmaceutics
3z3751to,The Lancet. Digital health
92f8pd9x,Inf. Fusion
cxzvlcfx,IEEE Transactions on Industrial Informatics
4i47e3ua,Archives of pathology & laboratory medicine
95s1fpfo,Scientific Reports
amvh0a9r,Briefings in bioinformatics
645md0i9,Nature
duqw3q2e,bioRxiv
a5t8we0a,"BenchCouncil Transactions on Benchmarks, Standards and Evaluations"
9nqz5z7s,Knowl. Based Syst.
2xkyl0l3,South African journal of science
mtus5caj,ArXiv
e0zgbknj,Nature Medicine
jr5ti2q1,Risks
z5u9rtac,International Journal of Environmental Research and Public Health
97zz99gi,Nature
qiskx3m0,British Journal of Haematology
o3ue7alq,Scientific Data
ghqnfc3g,Sustainability
rs8za5jj,SSRN Electronic Journal
mn2qko88,Telematics Informatics
3ixsf0zp,Ratio
0ns765bo,Journal of Research on Technology in Education
ibtcdfuj,International Research in Geographical and Environmental Education
xxl34j3h,Perspectives on Science and Christian Faith
3hk1wmns,Psychology Review (2015)
tftk43bh,Int. J. Hum. Comput. Stud.
5svt7ych,Philosophy & Technology
v6jc24zn,Proceedings of the National Academy of Sciences of the United States of America
0rmdif8q,Journal of the Association for Information Science and Technology
5s2wrd5w,Annals of Biomedical Engineering
wnk153rc,Astron. Comput.
blzz1pfc,Frontiers in Artificial Intelligence
icfs8smr,SN Social Sciences
8o4n1htg,IEEE Access
zsfistxj,International Journal of Innovative Science and Research Technology (IJISRT)
8oge7ywm,PLOS ONE
hg2keyz4,International Journal of Innovative Science and Research Technology (IJISRT)
qk3okde7,SSRN Electronic Journal
9egovtjw,ArXiv
jamv3ogj,Nature Machine Intelligence
z8t06fx2,Future Gener. Comput. Syst.
n1d4jtll,Clinical Orthopaedics and Related Research
76khs4b4,Psychology &amp; Marketing
gjv8v5sb,Biomedical Signal Processing and Control
risxm219,Nature Biomedical Engineering
niu5mkag,Research in social & administrative pharmacy : RSAP
7r7zirjq,ArXiv
48bcb24v,DecisionSciRN: Other Performance Management (Sub-Topic)
nr3s4m2o,Sustainable Energy Technologies and Assessments
hq2m9d7c,"Philosophical transactions. Series A, Mathematical, physical, and engineering sciences"
y28s1yto,Nature Medicine
pin888o1,Expert Syst. Appl.
sha3j8vm,Australasian Journal of Educational Technology
f1zgdm6p,International Journal of Intelligent Systems
bqsawt82,Manag. Sci.
pq7m50wu,Cancer Research
c5e5t7qe,Information Security Education Journal (ISEJ)
dl74mu4n,Nature Medicine
wy3odvsx,ArXiv
bscnrvyr,The American journal of medicine
h0jaidg1,Pakistan Journal of Medical Sciences
rw087kw3,ArXiv
wjub503c,Science Magazine (2021)
56n4di6o,NPJ Digital Medicine
e8xvl6zp,ArXiv
z8givr1p,Nature
drnhshgx,ArXiv
bvqnql5a,IEEE Transactions on Visualization and Computer Graphics
k89njq2q,Inf.
9kn028fo,Journal of Applied Philosophy
rvupbxkj,Political Science Review (2020)
av1qdwlw,ITSynergy
hsr5ss8y,Archives of Computational Methods in Engineering
m2jkvarr,IEEE Transactions on Intelligent Transportation Systems
rsuxz9am,Inf. Sci.
b09ejfyi,"Information, Communication & Society"
q2qusvux,Frontiers in Artificial Intelligence
dq9ga3wv,The New England journal of medicine
lvj2stb7,Computer Science Journal (2021)
j8fmurxp,Health Information Science and Systems
8yb89hj4,Journal of Business Research
m8ho3n2y,Chemical Reviews
x0z6zard,Journal of Big Data
m5fx1gd3,Journal of Internet Technology
0l3a3pqu,IEEE Access
f43y7cli,Journal of Manufacturing Systems
rtqqkk59,MIS Q.
b6orivsw,California Law Review
f1wq18lr,IEEE Access
ysixxm54,Military Medical Research
a72ob2x2,Journal of Evidence-Based Medicine
vfufsid3,Int. J. Inf. Manag.
3wd3axyh,JAMA
0zi0i6h9,ArXiv
o2bcbkp3,Journal of Big Data
gcou9iqr,Sociology Review (2015)
ac930esu,The International Journal of Advanced Manufacturing Technology
qzjimki1,Journal of Big Data
tae1x6wy,IEEE Access
b8mretmf,Journal of Big Data
ialw1rbc,Computer Science Magazine (2021)
jsug75vd,International Journal for Research in Applied Science and Engineering Technology
88ljw4f2,Technological Forecasting and Social Change
8gdc6d2o,The Review of Financial Studies
7tztpbo1,Big Data Cogn. Comput.
rd8mvrt2,Harvard business review
iyitn6tw,Advances in Big Data Analytics
cs9el9bm,Agricultural Systems
jkc788jy,Journal of Business Research
0mfzu707,Journal of Big Data
usfi8bu7,WIRTSCHAFTSINFORMATIK
flzy7slz,Business Journal (2011)
fwp1kjxv,Molecular plant
qukh18vf,IEEE Transactions on Knowledge and Data Engineering
6c4gotuk,Journal of Big Data
zoyufd2p,Journal of Big Data
mpef1wvz,Iraqi Journal for Computers and Informatics
6avcrof2,The Information Society
xfxcwhjm,IEEE Internet of Things Journal
3x253av9,Frontiers in Psychology
8nxrgv46,Big Data Cogn. Comput.
3tpylmi6,Big Data
yajwx37z,Comput. Electron. Agric.
s88yzn83,IEEE Access
3d6reab0,Political Science Journal (2011)
4v2o5p0z,IEEE Access
gmcebwsz,Ivory Tower and Industrial Innovation
utqf3qzd,Business Journal (2016)
pp4mq7xp,ArXiv
ozc2h1h7,ACM Trans. Manag. Inf. Syst.
c4mundmk,Journal of Management Information Systems
w3o7e5qy,"The Long, Long Life of Trees"
n1jwcv3d,Science
rm5c0p52,Nature Cell Biology
e76g64aa,Political Science Journal (2010)
4djfw3b3,Engineering Journal (2014)
2hsr4cgo,Policy Perspectives
wpoarxwg,Chemical Engineering Science
t8s2iwtw,Corporate Governance: Social Responsibility & Social Impact eJournal
6hnt89it,IEEE Access
odl6n9xa,Teaching in Higher Education
0e9tiww2,ACM Trans. Manag. Inf. Syst.
cmvf3om4,Separation and Purification Technology
wr18la6i,Cmc-computers Materials & Continua
olwc9cer,American Behavioral Scientist
n89fkls4,BMC Cancer
tyl2qg5i,Nucleic Acids Research
8mq3ssoq,Symmetry
butd7q7v,Journal of Cleaner Production
gv0jal5z,Computer Science Review (2015)
fzuf1bhv,Nucleic Acids Research
8arv50np,Knowledge and Information Systems
8nzz7eeo,Nature Biotechnology
mx8h3l8d,Measurement
w2gktyzx,IEEE Sensors Journal
fkb56o0e,Bioinformatics
nvxm8yrw,Agronomy
wwrwtfjg,Inf. Syst.
hr9zy0uv,Comput. Ind.
rdf21sp4,Wiley Interdisciplinary Reviews: Data Mining and Knowledge Discovery
rwjup57t,"2020 Fourth World Conference on Smart Trends in Systems, Security and Sustainability (WorldS4)"
2zbn8ipx,ArXiv
jr2uixdb,Int. J. Uncertain. Fuzziness Knowl. Based Syst.
c4r77wsi,Comput. Ind. Eng.
jgkhym71,Alabama law review
k1r7uw6z,Cardozo law review
uomowesf,NPJ Science of Learning
kczuxfae,Procedia - Social and Behavioral Sciences
cc6itzcl,IEEE Transactions on Pattern Analysis and Machine Intelligence
zogkl6z7,Molecular Biology and Evolution
jcxhr3pj,Econometrics: Econometric & Statistical Methods - Special Topics eJournal
av8t0jp2,IEEE Transactions on Parallel and Distributed Systems
x5ck4bsq,International Journal of Production Economics
go09jsh7,SPGMI: Capital IQ Data (Topic)
2a1cgsqx,Engineering Journal (2015)
fgmxqc3h,IEEE Intelligent Systems
8s8nzvo4,Computer methods and programs in biomedicine
78dtbujm,Engineering Review (2014)
d0h4ew3z,Nature Communications
b1bpiif9,Neurocomputing
8zbq385s,Robotics and Computer-integrated Manufacturing
t9zkm9pt,Leonardo
gvnd7zrc,Comput. Educ.
vdyd7oy6,Aging & Mental Health
gjats7uy,Informatics
3y6lckp7,Journal of chemical information and modeling
1zvm3kip,Knowledge and Information Systems
gentzkby,S&P Global Market Intelligence Research Paper Series
dqly4pnp,Transportation Research Part E: Logistics and Transportation Review
rx2yna5z,IEEE Transactions on Intelligent Transportation Systems
wedhr4tr,Nature
kij7w0xz,Journal of Marketing Research
5g9pgywc,On the End of Privacy
p7i1lk04,Bulletin of the American Meteorological Society
qprz7bb5,2016 International Wireless Communications and Mobile Computing Conference (IWCMC)
ndcftsis,Comput. Law Secur. Rev.
tsx1jiku,Nature
jlghgd4u,"Lancet (London, England)"
d9xceui9,JAMA Ophthalmology
674kqugt,Innovation Finance & Accounting eJournal
tgyte897,Agronomy for Sustainable Development
ayemrnyp,Melanoma Research
diqv9ped,ArXiv
l57lmjy0,International Journal of Educational Technology in Higher Education
to5jhofq,The Missouri Review
00fsok45,IEEE Access
zbb7yvy0,Journal of Integrative Bioinformatics
7lpfqwku,Business Horizons
7jzjksv6,IEEE Access
lpezj2db,Inf. Sci.
tywze6eb,Computer Science Magazine (2021)
1wu8xveh,Telematics and Informatics
d3m5fh82,Neurocomputing
aa4is0hl,Technological Forecasting and Social Change
lq6m9l5v,Inf.
8qqrmvpy,Journal of Big Data
cy7nhb31,Journal of Economic Perspectives
3tvhe5gf,International Journal of Educational Technology in Higher Education
f6me6p8z,Communications of the ACM
ae9qqxh5,IEEE Internet of Things Journal
jn13ua42,Concurrency and Computation: Practice and Experience
4sr7vwoa,Cancer epidemiology
fsy0o39w,Cancer Control : Journal of the Moffitt Cancer Center
5xpo79kp,Technological Forecasting and Social Change
n61x2ibn,IEEE Transactions on Intelligent Transportation Systems
djfc9ls0,Commun. ACM
5lj7lxsa,Sociologia Ruralis
2hr2yv18,Knowledge and Information Systems
oobf0eh1,Nature
mrhcez6p,IEEE Access
x2c7a4p1,"IEEE Transactions on Systems, Man, and Cybernetics: Systems"
qjzomf55,Scientific Reports
3d8usawr,Measurement
2il33jnu,JAMA
ov72thei,Concurrency and Computation: Practice and Experience
b0vvcetu,ArXiv
94coxi0u,Clinical Cardiology
bb0t5wcc,"Information, Communication & Society"
9ym4hk6v,PLoS ONE
s5yjzht9,Cluster Computing
2ua9lfbt,Iet Intelligent Transport Systems
mwnqop27,Obstetrical & Gynecological Survey
f5mrwxcl,Journal of chemical information and modeling
ygrslvfv,Electronics
2lcrvzcd,IEEE Transactions on Knowledge and Data Engineering
5owjst68,Journal of Business Logistics
fy7wtknq,Economic Growth eJournal
j4mor26s,Political Science Magazine (2009)
ogskigkf,Acta Horticulturae
erfdv6bq,Oral oncology
f9z71g9l,IRBM
tb5ap2wg,PLoS Medicine
66cbr50w,Inf. Sci.
vxh8v5kk,PLoS ONE
1y1hb4by,Electronics
d98s5x3f,IEEE Transactions on Visualization and Computer Graphics
0oxcsisp,European Journal of Tourism Research
p48gr4pn,Neural Computing and Applications
l7lj6496,Yearbook of Diagnostic Radiology
59her4n7,IEEE Internet of Things Journal
xlbsvzsp,The American economic review
qq39c855,Theor. Comput. Sci.
06x65i2a,Journal of Cleaner Production
cd5dkug2,Engineering Journal (2013)
oka3aoeo,Journal of accountancy
u88ukymd,JBMR Plus
f5nz48bm,Journal of Healthcare Management
2nfx4wql,Journal of Big Data
z1psnn2l,ACM Transactions on Knowledge Discovery from Data (TKDD)
5kan9owo,Business Magazine (2009)
d6346q95,IEEE Transactions on Industrial Informatics
we6pxwn0,Future Gener. Comput. Syst.
7ehrfssw,Perspectives on Science and Christian Faith
0vt6yz7t,"Lancet (London, England)"
z9w1ry2g,Future Gener. Comput. Syst.
wjear3vc,The International Journal of Advanced Manufacturing Technology
8o35bhdy,European Journal of Information Systems
nlrnwhi3,Computer Science Review (2013)
8cood0s2,Computer Science Journal (2014)
mh1tvzbi,Eng. Appl. Artif. Intell.
7sf5wbbi,Journal of Broadcasting & Electronic Media
7s7uertz,Comput. Commun.
yck0dgqi,Journal of Discrete Mathematical Sciences and Cryptography
4xyl4bvy,International Journal of Distributed Sensor Networks
7pcqsf07,ArXiv
adnwg8y3,Journal of AHIMA
bzay7u2l,Psychology Journal (2007)
7oipp863,"SHB'12 : proceedings of the 2012 ACM International Workshop on Smart Health and Wellbeing : October 29, 2012, Maui, Hawaii, USA. International Workshop on Smart Health and Wellbeing"
qm0zuw7d,"Journal of Physics B: Atomic, Molecular and Optical Physics"
tj21jki2,Stanford Law Review
cstax027,Diabetes
4smlwpnb,IEEE Access
flon99lr,Inf. Technol. People
7k7pbn1y,Annals of Data Science
hkfp1iym,ArXiv
5rphwa78,Precision Agriculture
mweo2dp3,Soft Computing
wtoprkox,Frontiers in Pharmacology
0k0pmvm5,Scientific Reports
vadh7vgk,Journal of Medical Internet Research
esiwxx2s,"Lancet (London, England)"
cmr5szya,Knowl. Based Syst.
x3ea4a27,Journal of Retailing
4i5qchnz,IEEE Transactions on Semiconductor Manufacturing
8bcjfhwa,Communications on Pure and Applied Mathematics
sg1v3xl5,BioMed Research International
3y6deu2e,Information Processing in Agriculture
qjsyzkjy,IEEE Transactions on Computers
pyu59k6a,Annals of Data Science
kp0hbwen,Science
t2uykvxn,Sociology Magazine (2013)
mwkmfq6e,FEBS Open Bio
xh5yz3jd,Journal of Ambient Intelligence and Humanized Computing
qj0mhdyu,Agronomy for Sustainable Development
fqu4svf0,Data Mining and Knowledge Discovery
if70pqq1,Journal of Health and Medical Informatics
pta2xodw,Annals of Operations Research
n5bul8pp,ArXiv
edso5h54,Multimedia Tools and Applications
z1gkgsi5,Engineering Journal (2013)
q5my689d,IEEE Transactions on Intelligent Transportation Systems
x7byuyfp,Political Science Magazine (2015)
kzalzcw6,International Journal of Production Research
ew0klzdg,Comput. Networks
4cn8a05y,Science
w1cv761r,"Security in Smart Cities: Models, Applications, and Challenges"
l0q5i0e6,Big Data Res.
mv6imznw,International Journal of Operations & Production Management
5vy0mdeg,IEEE Transactions on Intelligent Transportation Systems
a59bubl8,Communications of the ACM
3ow7rjy2,Comput. Ind.
kfcq9w6h,IEEE Transactions on Industrial Electronics
wrfglsse,International Journal of Computer Integrated Manufacturing
3hrq8rx6,Machine Learning
1paicrlq,First Monday
6y3trzml,Chemistry of Materials
7ascwwbm,Sociology Review (2013)
cpmblbvn,2020 IEEE International Conference on Advances in Electrical Engineering and Computer Applications( AEECA)
ag4q4xt0,Tsinghua Science and Technology
657yhom5,The Milbank Quarterly
cc9fwuop,Computer Science Magazine (2011)
2l1eymdp,IEEE Transactions on Pattern Analysis and Machine Intelligence
g54v8nso,Future Gener. Comput. Syst.
lsbiplt4,Engineering & Technology
4rc9r0rz,Technological Forecasting and Social Change
hpzhe6hw,PROD: Empirical (Supply) (Topic)
r9m5osfq,Review of Financial Studies
6jj3klr3,International journal of medical informatics
71b2gpl3,Microporous and Mesoporous Materials
cparfjnr,IEEE Transactions on Fuzzy Systems
yx1noixz,International Journal of Computer Integrated Manufacturing
i1o317z3,2020 6th International Conference on Advanced Computing and Communication Systems (ICACCS)
904pkqph,The New England journal of medicine
xh0esw71,IEEE Transactions on Pattern Analysis and Machine Intelligence
2xamuo6c,Capital Markets: Market Microstructure eJournal
sxwf3ros,Computer Science Review (2010)
bzxeops3,IEEE Systems Journal
6obk6y7c,Int. J. Inf. Manag.
hdgdrtib,IEEE Access
nu3ybaxf,"2016 Intl IEEE Conferences on Ubiquitous Intelligence & Computing, Advanced and Trusted Computing, Scalable Computing and Communications, Cloud and Big Data Computing, Internet of People, and Smart World Congress (UIC/ATC/ScalCom/CBDCom/IoP/SmartWorld)"
yci1pn2b,Agricultural Systems
2zqs9b5t,International journal of scientific research
plzx839t,2012 IEEE 12th International Conference on Data Mining
yif92915,Security and Communication Networks
e386vcx5,Nature Methods
mo8tho12,Mach. Learn. Knowl. Extr.
i2aublfv,ArXiv
f2z3dhde,Science
lz852e4i,Journal of Medical Engineering & Technology
9nr8736u,Scientific Data
d265ngnx,F1000Research
4wimz9ef,Science
dbusjgf8,International Journal of Production Research
f3kybpfh,ACM Trans. Manag. Inf. Syst.
2z5rddsj,Molecular Systems Biology
t2f6pt9k,Mutual Funds
9s4e7xel,Bioinformatics
371bd2jy,Frontiers in Computational Neuroscience
vd0oier2,Secur. Commun. Networks
cg3jisvn,Nature Reviews Drug Discovery
io8p1p02,Big Data Analytics
osrjlhck,Behavioral & Experimental Finance eJournal
gy8q354c,Indonesian Journal of Electrical Engineering and Informatics
t6p0sc63,Annals of Operations Research
mjuttxy7,Library Review
8n3tmdf9,Bioinformatics
7cy5zcwa,Communications of the ACM
9byz4wah,American Journal of Theology & Philosophy
hil5fdk7,Proceedings of the 2015 Workshop on Mobile Big Data
6yio4uwl,IEEE Transactions on Industrial Informatics
h7zf94rz,Int. J. Big Data Intell.
40t1hfx6,Wireless Personal Communications
c3l3xugm,IEEE Transactions on Industrial Informatics
8r92bqyr,Business Review (2012)
exab7l3i,Human Behaviour and Brain
deblg6ws,Engineering & Technology
6705bdiu,Big Data Res.
t6xwu44l,Journal of Business Research
ic27wpg1,"Lancet (London, England)"
1bjk9x6r,Inf. Syst. Res.
0xj0uy50,Engineering Review (2010)
8t94aki7,Proceedings of the National Academy of Sciences
pplcq05h,Resonance
ibx79sdh,Environmental science & technology
qvlp23yi,"Mining, Materials, and the Sustainable Development Goals (SDGs)"
pfsj8isu,Journal of Business Forecasting
1kjlzafj,Commun. ACM
cz4pyuyh,Engineering Journal (2012)
rcmu4kjk,"Research Journal of Applied Sciences, Engineering and Technology"
jgms5f3z,Engineering Magazine (2015)
oxcbb6ce,Comput. J.
87n6xzsm,Applied Intelligence
s4u42rya,IEEE Transactions on Visualization and Computer Graphics
0ilazmn6,2019 IEEE 21st International Conference on High Performance Computing and Communications; IEEE 17th International Conference on Smart City; IEEE 5th International Conference on Data Science and Systems (HPCC/SmartCity/DSS)
rc3dyaqj,Operations Management Research
321lat4k,Neural Computing & Applications
sp6ou6n3,2020 International Conference on Emerging Trends in Information Technology and Engineering (ic-ETITE)
fapgv9ji,Electronics
jrjbaq5y,Applied Sciences
nggqtslf,Journal of Cyber Security Technology
iauf2bll,IEEE Transactions on Image Processing
95du7w7n,European Journal of Information Systems
rr619n0l,Engineering Magazine (2016)
0ddpm30e,WIRTSCHAFTSINFORMATIK
hy5uta7s,Science Review (2022)
o1dppnk7,Cancer Medicine
4gib7hdc,P & T : a peer-reviewed journal for formulary management
9soge38w,Future Gener. Comput. Syst.
67zto9wv,Journal of Critical Care
2tv0gx2t,Mach. Learn. Knowl. Extr.
8nydyisv,Journal of Health Psychology
tfhcgz51,Management of Innovation eJournal
bsoxc9rb,Science China Information Sciences
t89e9uac,Computer Science Review (2016)
wizvflk6,"2021 8th International Conference on Internet of Things: Systems, Management and Security (IOTSMS)"
9jonbykj,J. Netw. Comput. Appl.
dqk3kho7,Critical care nursing clinics of North America
f4bid1c2,National science review
a61y3gm8,Multimedia Tools and Applications
l7b4jst1,IEEE Transactions on Intelligent Transportation Systems
u2439blh,Int. J. Agric. Environ. Inf. Syst.
9ehz5p4f,International Journal of Communication Systems
p32gnxw4,"IEEE Transactions on Systems, Man, and Cybernetics, Part C (Applications and Reviews)"
jnlvg6mm,IEEE Internet of Things Journal
0ot3s7z5,Omega-international Journal of Management Science
nmvs6gn5,IEEE Access
p9113w5w,XRDS
f1aqw1h2,Chemistry of Materials
fud13afj,BMC Medical Research Methodology
zazglvkn,Business Review (2011)
i35cw6t0,Business Journal (2013)
aatd43l3,Advances in Intelligent Data Analysis and Applications
rzwup3ze,2019 International Conference on Computational Science and Computational Intelligence (CSCI)
0nijx871,Medical Science Monitor : International Medical Journal of Experimental and Clinical Research
8a1inzsg,J. Netw. Comput. Appl.
hzrafuz7,Computer Science Magazine (2015)
70u4r5lj,Technometrics
5f1omb3o,Political Science Journal (2011)
67c02s5a,Smart Intelligent Computing and Applications
j3e22kgp,Book of Anonymity
5qj13v8z,Circulation
yaytwd3w,Sustainability
4tpdoq9p,J. Intell. Fuzzy Syst.
1aojstdl,American Economic Journal: Economic Policy
3twg0lee,Concurrency and Computation: Practice and Experience
k9v6jc9e,Journal of Manufacturing Science and Engineering-transactions of The Asme
pdhq1mlh,European Journal of Information Systems
olhdeftt,Computer Science Magazine (2013)
q4pbmj6b,Political Science Review (2020)
gpirx7z7,The Journal of Hospital Infection
8wbe686h,Expert Syst. Appl.
ud2bu1j7,Politics
hnd6me12,IEEE Transactions on Industrial Informatics
7k5c4nih,Strategic Finance
maof9h7o,Service Oriented Computing and Applications
3w238ro2,"IEEE Transactions on Systems, Man, and Cybernetics: Systems"
nxronaid,ERN: Statistical Decision Theory; Operations Research (Topic)
1w8dl7fo,International Journal of Aerospace Engineering
t416rzwo,Int. J. Inf. Manag.
imar5wfb,IEEE Transactions on Industrial Informatics
diif946o,Cloud Technologies
a47fmy8y,Business Journal (2011)
o4ult6l8,Qubahan Academic Journal
wbw24rf0,Electronics
fy236qav,Future Gener. Comput. Syst.
sar2hynl,Journal of Internet Services and Applications
cyyz2aof,ICC 2020 - 2020 IEEE International Conference on Communications (ICC)
4vdplnly,Nature
tndpgaz7,ArXiv
t33f4g97,2018 IEEE/CVF Conference on Computer Vision and Pattern Recognition
2f50jt7j,Electronics
neprkz1f,2018 IEEE/CVF Conference on Computer Vision and Pattern Recognition
rfnnjw2q,IEEE Transactions on Vehicular Technology
p3dirb9g,Science
e95cb98p,IEEE Communications Surveys & Tutorials
5emhfg2x,Commun. ACM
z2d1ka26,Software: Practice and Experience
xpbxuq6p,IEEE/ACM Transactions on Networking
pvc2477z,2018 IEEE/CVF Conference on Computer Vision and Pattern Recognition
35cxbopa,IEEE Cloud Computing
ufy6o81a,2018 IEEE/CVF Conference on Computer Vision and Pattern Recognition
0xm200kk,Wirel. Commun. Mob. Comput.
rqbkh3q2,The Journal of Supercomputing
m64ntiv0,Science
kcu0mn1s,2018 IEEE/CVF Conference on Computer Vision and Pattern Recognition
6u29ne7b,IEEE Transactions on Vehicular Technology
y2f78gtj,Journal of Applied Meteorology
8169v705,Computational Visual Media
o6ks2quf,Comput. Commun. Rev.
9rmnpgf8,ACM Computing Surveys (CSUR)
jaa3q22q,Science Review (2014)
xn2dyinu,IEEE Transactions on Cybernetics
py0xs2iz,Artificial intelligence in medicine
nq29u6wh,ArXiv
sjwc4x4u,ArXiv
64urscv9,2018 IEEE/CVF Conference on Computer Vision and Pattern Recognition
rtz63s9s,IEEE Robotics and Automation Letters
11uuqtjg,IEEE Pulse
pa81hk4x,ArXiv
k5pg97pj,Applied Clinical Informatics
u6skp20e,Journal of Ambient Intelligence and Humanized Computing
scnon8iw,Future Gener. Comput. Syst.
hn25ynum,Science China Information Sciences
1xoytxa7,ACM Transactions on Graphics (TOG)
tpne3y60,IEEE Transactions on Mobile Computing
e1d0qqj1,Computer Science Magazine (2012)
n4ypidxt,The International Journal of Robotics Research
84tnsklw,Comput. Commun. Rev.
1phl499e,Computer Science Journal (2012)
qfenyioq,2010 24th IEEE International Conference on Advanced Information Networking and Applications
sq2365rz,Computer Science Magazine (2008)
uerv1emk,Computer Science Magazine (2009)
v1dg6o86,2018 IEEE/CVF Conference on Computer Vision and Pattern Recognition
okxk02n6,IEEE Transactions on Mobile Computing
gfsfpd1h,IEEE Communications Magazine
cojr0az7,Computer
hff4mvlo,Computer Methods in Applied Mechanics and Engineering
pi4ufgpv,Journal of Lviv Polytechnic National University. Series of Economics and Management Issues.
9bilct4j,1994 First Workshop on Mobile Computing Systems and Applications
mqn10sp7,Journal of Geophysical Research
8cfxtroy,ArXiv
c32ydx2r,International Journal of Research -GRANTHAALAYAH
3tfigxgc,Neural Computing and Applications
s47uyb7q,J. Parallel Distributed Comput.
4qgpzgl4,ArXiv
bvnyv2jo,IEEE Internet of Things Journal
g5n7wwgh,IEEE Transactions on Mobile Computing
rhvsccsr,International Journal of Environmental Research and Public Health
vswqw24w,IEEE Journal on Selected Areas in Communications
oyudz8hp,2018 IEEE/CVF Conference on Computer Vision and Pattern Recognition
7xgk7gqq,Computer Science Review (2017)
yixl7ftq,2018 IEEE/CVF Conference on Computer Vision and Pattern Recognition
xd4ntswg,2007 IEEE Congress on Services (Services 2007)
nn3bfaj3,"AWS Certified SysOps Administrator Study Guide, 2E"
792g8gjh,IEEE Transactions on Dependable and Secure Computing
r7d60gma,Hands On Google Cloud SQL and Cloud Spanner
0talsag0,IEEE Transactions on Cloud Computing
sen2mhv5,Comput. Networks
ik3345w4,IEEE/ACM Transactions on Networking
dmp8qpu3,Comput.
xizq9vhc,Journal of the Atmospheric Sciences
dkw92l9l,Future Gener. Comput. Syst.
d1t789r0,Computer Science Magazine (2009)
95vyat91,ArXiv
ax9lvi8v,IEEE Journal on Selected Areas in Communications
knobmmxk,IEEE Access
47qjd5ar,Inf. Syst.
oqy6enqx,ArXiv
qp7evzig,Change: The Magazine of Higher Learning
eimj6tjs,ACM Transactions on Graphics (TOG)
x0vyesrn,IEEE Commun. Mag.
rcjdeyql,Indonesian Journal of Electrical Engineering and Computer Science
aytj9sc6,"2008 SC - International Conference for High Performance Computing, Networking, Storage and Analysis"
9ilu7g85,2018 IEEE/CVF Conference on Computer Vision and Pattern Recognition
gfzd6de3,Concurrency and Computation: Practice and Experience
b9rjtd1e,Cluster Computing
gq5avfve,Bulletin of the American Meteorological Society
ermh9e0v,2017 IEEE International Conference on Computer Vision Workshops (ICCVW)
umeentbp,Computer Science Review (2017)
vk1zhuux,Computer Science Magazine (1997)
korp9dpf,ACM SIGOPS Oper. Syst. Rev.
bkcb8jw8,IEEE Journal on Selected Areas in Communications
yu3hpez5,ArXiv
mk9y93bk,IEEE Transactions on Dependable and Secure Computing
a1yodvxg,Daring Pairings
mp6c8h99,Current Journal of Applied Science and Technology
dhllilz2,Computer Science Magazine (2019)
bu93wuxk,Comput. Vis. Image Underst.
sco6dhr8,Future Gener. Comput. Syst.
hbahxwkm,2018 IEEE/CVF Conference on Computer Vision and Pattern Recognition
w98qk1qh,Mathematics
xtzjqvfp,IEEE Distributed Systems Online
8t67me1d,Future Gener. Comput. Syst.
fmetb0wl,ArXiv
2rryfq9e,Computer Methods in Applied Mechanics and Engineering
qvk8lq8g,Concurrency and Computation: Practice and Experience
v9q0d66w,IEEE Network
dh6txp6n,IEEE Internet Computing
uh0g12u8,Journal of Geophysical Research
drrg0q1s,ArXiv
sw0iqvkg,Biosensors
f9l3054d,Business Journal (2009)
gfu7p3wi,Int. J. Fog Comput.
8j2fxhe0,Chemical Physics Letters
44sj9ti1,Computer
h9piky4t,ArXiv
5armv2yr,Ubiquity
7bzsi4a0,IEEE Transactions on Mobile Computing
vuqyib81,Journal of Geophysical Research
6y13m3vs,IEEE Internet Comput.
2j9qlq4o,Journal of the Atmospheric Sciences
c5r012aw,Journal of the Atmospheric Sciences
9ega9yyr,IEEE Access
syfr2zmy,2010 IEEE 16th International Conference on Parallel and Distributed Systems
0o10bnkr,IEEE Internet of Things Journal
s3r56nz4,IEEE Cloud Computing
nszkg4l6,"9th IEEE International Conference on Collaborative Computing: Networking, Applications and Worksharing"
vib0loig,IEEE Internet of Things Journal
n2perhbf,Expert Syst. Appl.
nw6b83d5,2018 IEEE/CVF Conference on Computer Vision and Pattern Recognition
r6wwlx9i,Future Gener. Comput. Syst.
g3j0fkiz,Proceedings of the 2009 ACM SIGMOD International Conference on Management of data
a9g4pzz0,Engineering Magazine (2013)
aox0oww4,Cloud Computing with Security
quibh1yv,IEEE Transactions on Neural Networks and Learning Systems
q7cvc650,Comput. Hum. Behav.
dvhpkw2v,Journal of Ambient Intelligence and Humanized Computing
oz75kmep,Applied Computer Systems
nxt605b9,Biosensors
4lifw3et,2018 IEEE/CVF Conference on Computer Vision and Pattern Recognition
kuip1zzk,Proc. VLDB Endow.
8j2me9u1,ICC 2019 - 2019 IEEE International Conference on Communications (ICC)
qnnegpv2,ArXiv
jdx4m8us,ArXiv
37d9xu15,IEEE Communications Surveys & Tutorials
7bmorwwx,Nature
sa7hhoed,IEEE Commun. Mag.
hfcij063,ArXiv
wkw6b2p4,IEEE Transactions on Industrial Informatics
v69vu52d,Future Gener. Comput. Syst.
50w4ppek,IEEE Transactions on Cloud Computing
r9ethnmh,IEEE Transactions on Industrial Informatics
lghymavz,IEEE Communications Magazine
egtqhwht,Advances in Intelligent Systems and Computing
y7g4m6si,"Privacy, Regulations, and Cybersecurity"
le1p55bo,IEEE Transactions on Signal Processing
ofuhqcx9,Mobile Edge Computing
htcmtxmw,Communications of the ACM
nc9n1jip,IEEE Communications Magazine
pq2gphtu,2018 IEEE/CVF Conference on Computer Vision and Pattern Recognition
gkjqm480,IEEE Transactions on Mobile Computing
pyvff3c0,Proceedings of the 2014 ACM International Joint Conference on Pervasive and Ubiquitous Computing: Adjunct Publication
ncmp2cxu,Business Review (2009)
ci2pcct3,Commun. ACM
wcifg3qb,IEEE Internet of Things Journal
o07w6u5q,Encyclopedia of the UN Sustainable Development Goals
6mr24ofm,J. Netw. Comput. Appl.
7r6e1dbs,Comput. Electr. Eng.
luzqrdhi,IEEE Transactions on Cloud Computing
jgmvaebt,ACM Transactions on Graphics (TOG)
stwoyzmw,Learning and leading with technology
z3zdg14o,Image Vis. Comput.
mfoto6ee,Science Journal (2019)
dwsh3ava,2013 IEEE 10th International Conference on Ubiquitous Intelligence and Computing and 2013 IEEE 10th International Conference on Autonomic and Trusted Computing
xngzpnwp,"2014 Eleventh Annual IEEE International Conference on Sensing, Communication, and Networking Workshops (SECON Workshops)"
wafpqr4w,Journal of the Atmospheric Sciences
1tn4uwla,Microprocess. Microsystems
j1s8b1vf,IEEE Communications Magazine
et1y8v6h,International Journal of Computer Vision
3m6goe1j,IEEE Internet of Things Journal
op5bccul,Marine Chemistry
3ml7e1vx,Queue
geeg0ypj,IEEE Transactions on Mobile Computing
ngamyy2z,Journal of the Atmospheric Sciences
tcx7atcv,ArXiv
ym5h1hot,IEEE Transactions on Visualization and Computer Graphics
3wdojaua,Computer
bzr68e7d,Computer Science Review (2020)
u5wxiiug,2018 IEEE/CVF Conference on Computer Vision and Pattern Recognition
ztuwzdw8,Computer Science Journal (2019)
s5gxh4lc,2008 IEEE Fourth International Conference on eScience
o9b72tt2,2011 Proceedings of the 34th International Convention MIPRO
79smwvmk,Journal of Healthcare Engineering
3pic76ft,2008 16th Interntional Workshop on Quality of Service
p5exidly,Environmental Monitoring and Assessment
22fycxmu,Queue
n30iiwcx,Remote. Sens.
9xxrzzo3,Science
jeuihl2v,IEEE Access
3iudmse5,2018 IEEE/CVF Conference on Computer Vision and Pattern Recognition
ypvep37m,Tellus B
yx48mbfz,Lecture Notes in Networks and Systems
hwsqzts6,ArXiv
cmiknnfl,Isprs Journal of Photogrammetry and Remote Sensing
cenowwig,Transactions on Emerging Telecommunications Technologies
lvc0scp7,Economic Theory
5rsgxmbm,IBM J. Res. Dev.
a5h72a8x,IEEE Spectrum
bpb18bue,Proc. VLDB Endow.
8m0ykv1q,IEEE Transactions on Industrial Informatics
0jm7ccdc,Journal of the Atmospheric Sciences
j1cuj6pd,International journal of scientific research
5kmoaof9,Nature
b0576w2v,ACM Transactions on Internet Technology (TOIT)
4tek634r,Journal of Atmospheric Chemistry
n6j9km56,Nature
3dc5boln,Robotics Auton. Syst.
4j0g4or3,ArXiv
kibtju3o,IEEE Pervasive Computing
dmv1n339,Computer Science Review (2014)
odcj3lbs,IEEE Access
ackej13t,2011 Digital Signal Processing and Signal Processing Education Meeting (DSP/SPE)
uq07m0cf,Computer Graphics Forum
wzkostfx,ArXiv
hpocrld3,IEEE Internet of Things Journal
r1qk8p9q,Computer Science Magazine (2019)
z6q6saop,Computer Science Journal (2015)
9sg6eh8y,Bulletin of the American Meteorological Society
mxgzlen7,2010 Fifth International Conference on Internet and Web Applications and Services
clxau6qv,2018 IEEE/CVF Conference on Computer Vision and Pattern Recognition
5m2pea2r,IEEE Transactions on Image Processing
3174yi7y,Future Gener. Comput. Syst.
qnix2bv7,IEEE Transactions on Network Science and Engineering
ldbwjfua,"2020 Fourth World Conference on Smart Trends in Systems, Security and Sustainability (WorldS4)"
1a9tzc34,2013 Second European Workshop on Software Defined Networks
aar6yfi0,Psychology Review (2020)
4tb9c806,IEEE Transactions on Emerging Topics in Computing
330msjye,ArXiv
1194w9ku,XRDS
evalezkk,IEEE Internet of Things Journal
ppdyx2q7,2018 IEEE/CVF Conference on Computer Vision and Pattern Recognition
96hix68b,China Communications
pf0y23ek,Computer Science Review (2011)
rir6wbit,ArXiv
slaw0rvv,IEEE Access
yrj2at0p,"PFG – Journal of Photogrammetry, Remote Sensing and Geoinformation Science"
iey3f4i6,2010 Proceedings IEEE INFOCOM
jva81kqa,The Possibility of Norms
rh0jvzyw,IEEE Transactions on Information Forensics and Security
ozlc6lyl,Computer Science Magazine (2013)
qx6kltbs,International Journal of Computer Sciences and Engineering
2yqe2twi,The VLDB Journal
s230tsx2,Neurocomputing
sz0oie0h,IEEE Internet of Things Journal
mfuur13a,"ISPRS - International Archives of the Photogrammetry, Remote Sensing and Spatial Information Sciences"
tsjrk9cr,ACM Computing Surveys (CSUR)
t0e0kwvx,IEEE Transactions on Parallel and Distributed Systems
dmk1xa4z,Computer Science &amp; IT Research Journal
4rrwms64,World Journal of Advanced Research and Reviews
5lwni1it,International Journal of Science and Research Archive
7nxcxyaz,Cybersecur.
9636xn0j,AI and Ethics
tfwc15lc,Journal of Clinical Monitoring and Computing
551xfbn1,Computer Science &amp; IT Research Journal
wjcgj3sp,SN Computer Science
kgo03ipd,European Journal of Technology
ljzaixcs,Computer Science &amp; IT Research Journal
ttxbis1y,Applied Sciences
vy6pzhtu,Cluster Computing
1pw6qavg,Sustainability
62jc6n1x,Cogent Engineering
rk58c4r8,Computer Science &amp; IT Research Journal
jlu3pkke,Computer Science &amp; IT Research Journal
rl04eg6u,IEEE/CAA Journal of Automatica Sinica
iyo48km6,GSC Advanced Research and Reviews
xlq61f37,Iraqi Journal for Computer Science and Mathematics
aiv5cy2z,Security and Privacy
j3l1mlew,International Journal of Science and Research Archive
iahxy909,Computer Science &amp; IT Research Journal
9tmqaz33,Computer Science &amp; IT Research Journal
kgfsg3kt,IEEE Transactions on Engineering Management
ioaynzsp,Computer Science &amp; IT Research Journal
lf2rpzpy,ArXiv
uivxy83v,IEEE Internet of Things Journal
ibufuijn,Iraqi Journal for Computer Science and Mathematics
70rrntkh,Journal of Big Data
l5fhwhy9,2024 4th International Conference on Innovative Practices in Technology and Management (ICIPTM)
i9k8cbi8,Computer Science &amp; IT Research Journal
v8s0ktlh,ArXiv
j08jszzh,GSC Advanced Research and Reviews
tgvdntjh,Inf. Fusion
quljvtn5,World Journal of Advanced Research and Reviews
iqlxhyhb,J. Cybersecur. Priv.
jcjf8ur2,Mesopotamian Journal of CyberSecurity
clspx5qx,World Journal of Advanced Research and Reviews
hr0fee0e,Sn Business & Economics
uf2sorom,Computer Science &amp; IT Research Journal
tjs4gtr2,IEEE Transactions on Power Electronics
z5knb2ev,Mesopotamian Journal of Cyber Security
wr58hx8x,World Journal of Advanced Research and Reviews
wegbydcb,Mesopotamian Journal of Cyber Security
60dc32nb,IEEE Access
1dgo8hkn,Journal of Artificial Intelligence General science (JAIGS) ISSN:3006-4023
fcojjq0d,Journal of Computer Science and Technology Studies
41w2gcql,IEEE Transactions on Power Systems
mkww42uz,J. Inf. Secur. Appl.
37uunpec,Energies
327n3apk,IEEE Internet of Things Journal
18ci131y,J. Supercomput.
lt6fkt13,Comput. Secur.
19q5iqqr,IEEE Access
r9y2cfwd,2024 IEEE/ACM 46th International Conference on Software Engineering: Companion Proceedings (ICSE-Companion)
yzyrs1tw,Journal of Ambient Intelligence and Humanized Computing
l2per3zx,"International Journal of Engineering, Science and Technology"
uegu63hr,IEEE Open Journal of the Communications Society
hukwpcnq,Comput. Ind.
t7v39z7u,Tuijin Jishu/Journal of Propulsion Technology
v3lk41kv,Journal of Intellectual Capital
zd29ei5v,ArXiv
bylapm5j,Journal of Big Data
qrwnpuya,EPH - International Journal of Science And Engineering
a02nooeb,Die Unfallchirurgie
nge1uww0,Sn Computer Science
u6f8nv8l,Energies
4ba2v9s6,ArXiv
8hsp8fs3,Psychology Review (2021)
x95pg9z0,Public Performance & Management Review
t87pq5ln,JMIR Public Health and Surveillance
lu5oslaz,Applied Sciences
1lpw6xsw,Proceedings of the 10th Annual Cyber and Information Security Research Conference
vp0b58cp,Long Range Planning
0fi3yllu,Pressacademia
k58v7g06,ArXiv
0c02rp5u,AI Soc.
ydtdme4q,Technological Forecasting and Social Change
wcs5pj4k,J. Cloud Comput.
zb15q1lb,Expert Syst. Appl.
x6n5rewf,ArXiv
s97mzuwi,Asian Journal of Applied Sciences
oiqfcvn4,Engineering Review (2023)
u1s4adu4,Ad Hoc Networks
oe4rio0g,Journal of Transportation Security
dny1dr2e,Journal of King Saud University - Computer and Information Sciences
cs159l8z,"IEEE Transactions on Systems, Man, and Cybernetics: Systems"
hgw76e2t,Iraqi Journal for Computer Science and Mathematics
p10zjv1e,Science Review (2022)
syioxd4y,Economic Modelling
5xdcro66,ArXiv
c14m5dwz,AGORA INTERNATIONAL JOURNAL OF ECONOMICAL SCIENCES
sg7woc9p,Mobile Networks and Applications
awwgfljy,Journal of Modern Science
ornvk65u,PNAS Nexus
wasic6zt,International Medical Science Research Journal
pndyk5hj,2023 International Conference on Networking and Communications (ICNWC)
drbwg5lt,International Medical Science Research Journal
lf22w4zv,2021 IEEE Madras Section Conference (MASCON)
m3czr7vh,Sustainability
88tieygb,Communications of the ACM
fs387pf4,ArXiv
o8w6gwwl,Energies
vme0cptp,Micromachines
o3c5ruj4,World Electric Vehicle Journal
yavufg0p,Results in Control and Optimization
1wwawaff,International Journal of Production Economics
59cake7m,Energies
72yhgm0a,Iraqi Journal For Computer Science and Mathematics
nno689py,International Journal of Information Security
m36mvinm,Encyclopedia of Tourism Management and Marketing
srfafa84,International Journal of Professional Business Review
vn2byjid,Telecommunication Systems
rq2m70gk,Criminology &amp; Criminal Justice
e20er85y,2011 IEEE/WIC/ACM International Conferences on Web Intelligence and Intelligent Agent Technology
221mk0bs,SN Computer Science
a2bt7jyz,Mobile Networks and Applications
m82yrlpn,J. King Saud Univ. Comput. Inf. Sci.
hxzaol0d,ArXiv
fxcpuivd,2024 International Conference on Innovations and Challenges in Emerging Technologies (ICICET)
h3fz8c5p,Telemedicine journal and e-health : the official journal of the American Telemedicine Association
detgzta2,Journal of Computer Information Systems
5zl5lp76,Emerging Science Journal
iolknvjl,Inf.
dpqs51zn,Acta Infologica
fsnzh0es,ArXiv
1str8njx,ArXiv
eedxznl7,Digital War
gyltr0b2,Future Internet
o3lwc698,Scientific Reports
rh66hbuf,International Journal of Production Research
znwadmyd,ArXiv
d9ljq482,Data in Brief
90eo7zmp,Symmetry
5ntah60a,IEEE Internet of Things Journal
06y7pokd,ArXiv
7lcfyzx4,Journal of Healthcare Informatics Research
2bcmfbo4,Symmetry
ncwheuva,Clean Technologies
3mmlqnsu,ArXiv
e7laheen,Management of Sustainable Development
t10xx57t,Computer Science Journal (2023)
1ki7vr4t,International Journal of Computer Trends and Technology
x4n0mf67,Simul. Model. Pract. Theory
59t6yil6,International Journal of Computer Trends and Technology
ef2mf2k6,NDU Journal
pp57qi6d,Electronics
t6jjc83w,POL: Other Change Management Strategy (Topic)
dh26q3m3,Machines
j94tj2ve,Wireless Communications and Mobile Computing
oq5t811m,ACM Computing Surveys
f2od6jd6,Digit. Commun. Networks
zm77fz6t,Defence and Peace Economics
r0kghdyq,2023 3rd International Conference on Technological Advancements in Computational Sciences (ICTACS)
tv3snmt2,Computer Science &amp; IT Research Journal
m4tm7qy7,Eng
gh9hjbbe,Algorithms
m0oqyckv,IEEE Internet of Things Journal
frl1e5z3,International Journal of Educational Reform
vgjqa77c,IEEE Transactions on Power Electronics
9v1e2syj,SSRN Electronic Journal
lz6537p1,ArXiv
kxuskju9,IEEE Transactions on Dependable and Secure Computing
7r5ae3k8,Int. J. Inf. Manag.
z9i3txbk,Symmetry
djd0tnrp,CAAI Transactions on Intelligence Technology
ci15mt68,2020 International Conference on Computational Science and Computational Intelligence (CSCI)
iw4yqs9w,ArXiv
9bhfl5fd,International Journal of Financial Studies
434c2xfv,NPJ Digital Medicine
szb59lm4,Comput. Secur.
v7nfwjqi,Shanlax International Journal of Management
s8xpj2qt,Energies
oq10h9bn,Mesopotamian Journal of Cyber Security
adaaa07k,Mesopotamian Journal of Cyber Security
0iagmkpw,IEEE Transactions on Dependable and Secure Computing
5s1d4gqz,International Journal of Information Technology
iy6psmb5,Computers & Security
t2j0fi0g,Sustainability
z3i8ry4f,Mesopotamian Journal of Cyber Security
e5onssue,Business Journal (2020)
rbb76brp,2021 2nd Global Conference for Advancement in Technology (GCAT)
5xg1up0k,Journal of AI
5xiw7ivp,"International Journal of Technology, Innovation and Management (IJTIM)"
15jkhz8h,Syst.
dyvubkbd,Computer Fraud & Security
6d6f1unx,Sustainability
whofqh62,Int. J. Cloud Appl. Comput.
umqpu5ak,IEEE Transactions on Power Delivery
fqhf4r8e,Expert Syst. Appl.
w9rqwy69,ArXiv
aflaxhda,ACM Transactions on Autonomous and Adaptive Systems
kn8x3rr7,Blockchain: Research and Applications
ub2rlw8s,Comput.
7zodj6vw,ArXiv
amwoxhue,International Journal of Science and Research Archive
2golvlby,Neural networks : the official journal of the International Neural Network Society
ghx1m81h,Encyclopedia
7dipgr9u,International Journal Of Humanities Education and Social Sciences (IJHESS)
0end6b51,Mathematics
nn6xnjdv,International Journal of Science and Research Archive
rsfjw3j4,Energies
cpwvq4b4,NPJ Digital Medicine
tulldp1t,Internet Technology Letters
8ewscbay,Computer Science &amp; IT Research Journal
b5bz745p,IEEE Journal of Emerging and Selected Topics in Power Electronics
qx1gu8i5,SSRN Electronic Journal
giub332w,Academic radiology
j2n1v0qn,Simul. Model. Pract. Theory
zdfwnm0m,CAAI Trans. Intell. Technol.
cjaddd2x,IEEE Access
dujhrtss,Future Internet
gogwhm9c,Applied Intelligence
617gemai,ArXiv
9pckqkoy,Complex & Intelligent Systems
60v5i6rq,J. Inf. Secur. Appl.
06o0u5oc,ArXiv
l778lx6k,IOP Conference Series: Materials Science and Engineering
4ashnqzn,Electronics
1bxaf6qg,ACM Computing Surveys
zrd6fk7a,Inf.
fpeim298,J. Netw. Comput. Appl.
k3qezeq7,Int. J. Intell. Syst.
l56ftjzi,J. Sens. Actuator Networks
q8d8v5qf,Mesopotamian Journal of Cyber Security
5roqggbc,Business & Information Systems Engineering
vudsp8r5,Comput. Secur.
l4q5qhoz,Indian Journal of Public Administration
is9h34pc,2013 IEEE Seventh International Conference on Semantic Computing
zdjtz1lq,ACM Computing Surveys
hokxjha1,Comput. Secur.
qmcumfav,Sustainability
kkxxcme8,Journal of Medical Systems
de8cx5k4,Internet Things
f23b5zj8,Analytics
yv5ab4kv,ArXiv
mbx3qnhy,ArXiv
4dvg10mb,Cluster Computing
zshn8des,Inf. Process. Manag.
tbz7nxfi,Smart Cities
ksnezzdv,Journal of Electronic Imaging
70o2n7qe,Emerald Emerging Markets Case Studies
p2weary9,Strategic Change
7lzwtwwc,Energy Reports
63xelo16,Future Internet
rnk5bb3m,International Cybersecurity Law Review
f5ibrz6j,ArXiv
89a58w6l,Comput. Secur.
b0k95qmd,J. Netw. Comput. Appl.
8xgar42r,Comput. Secur.
0p5nu4vn,ArXiv
s9j0z0b5,ArXiv
5oie5gdp,Nuclear Engineering and Technology
t34snn9i,IEEE Transactions on Network and Service Management
q8f4d12c,Energies
py7qq52s,IEEE Transactions on Power Electronics
x0vxoo2e,IEEE Transactions on Smart Grid
noi025sp,2023 6th International Conference on Information Systems and Computer Networks (ISCON)
fvztfpv8,Human Behavior and Emerging Technologies
ky5odgu4,"2022 6th International Conference on Electronics, Communication and Aerospace Technology"
r830h7q6,ICST Transactions on Scalable Information Systems
guc99el6,Sn Computer Science
cyo3y7ut,Secur. Commun. Networks
ut57bue0,2023 IEEE International Workshop on Technologies for Defense and Security (TechDefense)
mlm96rvm,Energies
jv7zbigz,Electronics
8js6s4mc,World Journal of Advanced Research and Reviews
5a4irndo,Journal of the American Medical Informatics Association : JAMIA
fo0ydxn7,IEEE Transactions on Industrial Informatics
6vdcah7x,International Journal of Applied Research in Social Sciences
th489koq,2024 IEEE Power & Energy Society General Meeting (PESGM)
ntipfvd1,Future Internet
6frdvodc,Int. J. Semantic Web Inf. Syst.
tjoydm5i,Business Review (2020)
vzp8kuvn,Journal of Economic Criminology
8q100rj8,Journal of Science and Technology Policy Management
cua432x7,Intell. Syst. Appl.
pq9uk600,Mesopotamian Journal of Big Data
a663etd4,Iraqi Journal for Computer Science and Mathematics
zwie8d6g,Journal of Entrepreneurship and Business
2kw2ealy,EAI Endorsed Transactions on Internet of Things
axucvhvh,Applied Artificial Intelligence
whfc3gud,Iraqi Journal for Computer Science and Mathematics
78vkygp3,Journal of Social Research Development
mprv5uul,Journal of Medical Internet Research
6dsmb6i8,Smart Cities
96bsaw5x,Sustainable Cities and Society
vwzy3obd,Electronics
wk5tb95i,Advances in Computational Intelligence
o6kcawbx,Explorations in Media Ecology
oqw4czjl,Psychology Magazine (2021)
9chltwrz,2023 7th International Conference on Trends in Electronics and Informatics (ICOEI)
d9q0nwot,Expert Syst. Appl.
edjhdb9x,Journal of Materials Research and Technology
altsfjkd,Transportation Research Part F-traffic Psychology and Behaviour
tt2da3b0,2021 IEEE Kansas Power and Energy Conference (KPEC)
d2jaykil,Iraqi Journal For Computer Science and Mathematics
fkqd9cu9,J. Netw. Comput. Appl.
5kpsvlcu,Science Journal (2016)
r9w4f92i,ArXiv
j9ed13yp,IEEE Transactions on Computers
wwo8s0mt,IEEE Transactions on Knowledge and Data Engineering
uvcxmin4,Proceedings of the Seventh IEEE International Conference on Computer Vision
zw3klph8,ArXiv
2n0dq85s,Journal of the Operational Research Society
b0ovp66u,Proceedings of the 2010 ACM SIGMOD International Conference on Management of data
r1mpidll,Nature Reviews Neuroscience
rhtn46vk,IEEE Transactions on Neural Networks
tlu2c5lz,"Zeta and 𝐿-functions in Number Theory and
                    Combinatorics"
r0chyykh,ArXiv
msyxjfz3,Computer Science Review (2008)
2yy432xi,ArXiv
mtigmlay,Mathematics Magazine (2001)
cn3cijzp,Nature Biotechnology
1ysa4emy,ArXiv
0d2b4jyr,The Mathematical Gazette
0ztvv5nj,SIAM J. Comput.
amd4i48q,IEEE Transactions on Neural Networks and Learning Systems
2uf37uq0,International Journal of Computer Vision
ngre5cy1,ArXiv
zbdpvk3v,Pattern Recognit. Lett.
pgiew0t9,Inf. Syst.
za34hvl6,JCO Clinical Cancer Informatics
cbd79gb6,ArXiv
y0iqhzmi,40th Annual Symposium on Foundations of Computer Science (Cat. No.99CB37039)
639rhosw,ArXiv
cdpx2px5,Communications of the ACM
ss0koyad,Human Brain Mapping
02wlmlyn,Computer Science Magazine (2007)
jpl1rtoo,ArXiv
cp76rcq1,ArXiv
6cj44h7q,Transactions of the Association for Computational Linguistics
oio2xiav,Inventiones mathematicae
9gdqu4y4,Computer Science Journal (2005)
e9faf1rg,ArXiv
wpxc4f99,Vision Research
t9oenabf,Human Brain Mapping
pf06myhi,IEEE Data Eng. Bull.
8m1omukq,Nature Methods
39sp89zj,Computer Science Journal (1971)
g1oroha7,"Designs, Codes and Cryptography"
z8cafguf,2017 IEEE Conference on Computer Vision and Pattern Recognition Workshops (CVPRW)
1zyfg22x,ACM Transactions on Graphics (TOG)
i97r2786,Mathematics Review (1971)
6gcqd4ey,Applied Network Science
r753f1fy,ArXiv
d9zycmx9,Computer Science Magazine (2019)
j6q0ckvr,ArXiv
4gtx1sll,Proceedings IEEE Conference on Computer Vision and Pattern Recognition. CVPR 2000 (Cat. No.PR00662)
m5ybu7u4,Genome Biology
63jv49gv,International Journal of Computer Vision
rr8pu9zw,ArXiv
mzvhbpgz,IEEE Transactions on Knowledge and Data Engineering
npcjn5jl,Computer Science Magazine (2008)
yk34ek6z,Physica A-statistical Mechanics and Its Applications
6sfqus7g,Proceedings of the Seventh IEEE International Conference on Computer Vision
omvi8ni8,ArXiv
w92un6x7,Combinatorica
tly0ojsj,Nature Neuroscience
e95i29eg,Eur. J. Comb.
ptprqz4w,Nature
sjufyvdx,Journal of Neurodevelopmental Disorders
y9lzxfpm,ArXiv
7i5qlk9g,ArXiv
gwh1oq0s,Proceedings of the National Academy of Sciences
8ixuq8yh,International Journal of Computer Vision
qgac07je,Nature Neuroscience
9capqpat,Human Brain Mapping
bagni6p8,Nature biotechnology
oqlumg2m,Data Science and Engineering
bugh1yqr,Vision Research
opf9jrit,Engineering Chemistry
5fevztjv,Proceedings of the 2016 ACM International Joint Conference on Pervasive and Ubiquitous Computing: Adjunct
rbxmf2q8,Semantic Web
qdqssrv1,Frontiers in Genetics
vucvnbfa,Quantitative Science Studies
yqdik4oh,IEEE Trans. Pattern Anal. Mach. Intell.
oa6xjx81,Annals of Mathematics
5vizhxm4,Nature Communications
mpivzhog,arXiv: Learning
spsvccwv,IEEE Transactions on Cybernetics
vb951pft,ArXiv
iyj65xmi,J. Comb. Theory A
s74zuskr,Computer Science Journal (2008)
psd48u7x,ArXiv
emfw0q3h,Proceedings of the Seventh IEEE International Conference on Computer Vision
cbx9zppg,Combinatorica
wv7h2qvf,Proceedings of IEEE Computer Society Conference on Computer Vision and Pattern Recognition
lab2jkm4,Inf. Process. Lett.
78vxrd9z,Computer Science Magazine (2017)
8l3fczr9,ArXiv
618h7qdi,Machine Learning
umfgwl4i,ArXiv
htejalpq,Proceedings of the London Mathematical Society
bne4qapv,Proceedings. 1998 IEEE Computer Society Conference on Computer Vision and Pattern Recognition (Cat. No.98CB36231)
3vp9vxyo,ArXiv
ted0wfzu,Computer Science Review (2001)
grr98p7f,ArXiv
mmnc2zzz,ArXiv
ufdc0qbe,IEEE Trans. Pattern Anal. Mach. Intell.
tg8tj17h,"Proceedings of the 2004 IEEE Computer Society Conference on Computer Vision and Pattern Recognition, 2004. CVPR 2004."
qe0dssuq,Human Brain Mapping
d5zqo7jq,Bioinformatics
2iuga3e1,Data Intelligence
wrk8ghp0,IEEE Trans. Pattern Anal. Mach. Intell.
fvnze9df,2016 IEEE 19th International Conference on Intelligent Transportation Systems (ITSC)
na3vg6o8,IEEE Transactions on Knowledge and Data Engineering
5ydfuilx,Human Brain Mapping
rxmdj8ke,Computer Science Review (1999)
gmmmi6gk,ArXiv
uinc0max,PeerJ Computer Science
7iwoip6p,Machine Reading Comprehension
ut38ox63,J. Comb. Theory B
k6qwn5tc,ACM Computing Surveys (CSUR)
mcu81hbd,ArXiv
52sa1jel,Data Mining and Knowledge Discovery
kexs29bb,Science
r465cjrt,International Journal of Computer Vision
vnw52t8g,European Journal of Neuroscience
cg7ojfcg,IEEE Trans. Inf. Theory
cnuo2fxp,ACM Trans. Internet Techn.
lm9mx130,arXiv: Medical Physics
cbz23uhp,Proceedings of IEEE Computer Society Conference on Computer Vision and Pattern Recognition
sa5vnt21,ArXiv
mtixz17c,ArXiv
23d8p6vc,IEEE Access
k37dnelk,Proceedings. 1999 IEEE Computer Society Conference on Computer Vision and Pattern Recognition (Cat. No PR00149)
4ks14qv0,ArXiv
cwnnlynk,Computing in Science & Engineering
oo1et2eh,Cerebral cortex
x4p90qt0,"Proceedings of the 1998 IEEE International Conference on Acoustics, Speech and Signal Processing, ICASSP '98 (Cat. No.98CH36181)"
4x9jzkbl,IEEE Signal Process. Mag.
gy21xw3n,PLoS Computational Biology
46u1ctjb,ArXiv
8xzgsnvx,Mathematics Journal (2008)
spcdcgqz,Genome Research
0mopcz25,ArXiv
adbznvzo,ArXiv
mfhscf55,ArXiv
oxpfy32x,Proceedings. 1998 IEEE Computer Society Conference on Computer Vision and Pattern Recognition (Cat. No.98CB36231)
mu3si7g9,Inf. Sci.
v36qp7md,ArXiv
1gktj8im,BIT Numerical Mathematics
oo2akcyg,ArXiv
0n239x93,ArXiv
5gy2info,J. ACM
782h44m6,Computer Science Journal (2017)
m400rrth,Transactions of the Association for Computational Linguistics
0smfyhnz,IEEE Transactions on Knowledge and Data Engineering
s0jeaf5j,Cell
s8drd9a4,ArXiv
64y18xsa,ArXiv
2z14bf9z,ArXiv
zshzttwj,Viruses
dac158bx,International Journal of Molecular Sciences
7gfufwy2,ACM Transactions on Information Systems (TOIS)
i1l02acm,Proceedings. 1998 IEEE Computer Society Conference on Computer Vision and Pattern Recognition (Cat. No.98CB36231)
26sxnqfs,Mathematics Review (1971)
7quet3zo,Nature Genetics
2jlc15ed,Annals of Physics
z4rh6dc2,Human Brain Mapping
gms3joch,Bioinformatics
pjys0ih3,2009 Ninth IEEE International Conference on Data Mining
wtjwsswm,Mathematics Journal (1999)
7ynyks7f,ArXiv
ihes00uo,ArXiv
mu8grau1,Proceedings Eighth IEEE International Conference on Computer Vision. ICCV 2001
21cwjp3c,ArXiv
fcf8k3xj,Proceedings of the Python in Science Conference
zbvir669,ArXiv
utjybkzk,Cell
iyw7ce6j,Computer Science Magazine (2008)
wb37s1w8,Communications of the ACM
0y7uixgn,IEEE Transactions on Knowledge and Data Engineering
n7miuwz1,Computer Science Magazine (2016)
ik8wfgcb,ArXiv
5fes9830,ArXiv
fwrvxtqe,Vision Research
pfm8hezs,Science Review (2007)
43d3c7xw,2018 IEEE/CVF Conference on Computer Vision and Pattern Recognition
emhjb1ar,NeuroImage
evsrniqq,Mathematics Review (1972)
k9lcalhj,Technometrics
9xc3zyim,ArXiv
7f44ohq1,IEEE Transactions on Neural Networks
px8ev0sh,SIAM Rev.
